campagne,sample,col,row,aspect,time,dayPeriod,treatment,species,tissu,StarchNscTissue,chamber
1,177,1,4,N,A,Day,Drought,Pinus,END,0.479750822,4-Jan
1,177,1,4,N,A,Day,Drought,Pinus,IT,0.054162756,4-Jan
1,177,1,4,N,A,Day,Drought,Pinus,LM,1.717657559,4-Jan
1,177,1,4,N,A,Day,Drought,Pinus,UM,1.588428863,4-Jan
1,177,1,4,N,A,Day,Drought,Pinus,END,0.483405807,4-Jan
1,177,1,4,N,A,Day,Drought,Pinus,IT,0.054575396,4-Jan
1,177,1,4,N,A,Day,Drought,Pinus,LM,1.568563852,4-Jan
1,177,1,4,N,A,Day,Drought,Pinus,UM,1.733454946,4-Jan
1,177,1,4,N,B,Day,Drought,Pinus,END,0.897267583,4-Jan
1,177,1,4,N,B,Day,Drought,Pinus,IT,0.358533833,4-Jan
1,177,1,4,N,B,Day,Drought,Pinus,LM,1.454285458,4-Jan
1,177,1,4,N,B,Day,Drought,Pinus,UM,0.699913125,4-Jan
1,177,1,4,N,C,Night,Drought,Pinus,END,1.410418916,4-Jan
1,177,1,4,N,C,Night,Drought,Pinus,IT,0.403722508,4-Jan
1,177,1,4,N,C,Night,Drought,Pinus,LM,3.572384954,4-Jan
1,177,1,4,N,C,Night,Drought,Pinus,UM,1.503473622,4-Jan
1,177,1,4,N,C,Night,Drought,Pinus,END,1.472486267,4-Jan
1,177,1,4,N,C,Night,Drought,Pinus,IT,0.421488852,4-Jan
1,177,1,4,N,C,Night,Drought,Pinus,LM,3.180640459,4-Jan
1,177,1,4,N,C,Night,Drought,Pinus,UM,1.815384423,4-Jan
1,177,1,4,N,D,Night,Drought,Pinus,END,1.071481304,4-Jan
1,177,1,4,N,D,Night,Drought,Pinus,IT,0.226051277,4-Jan
1,177,1,4,N,D,Night,Drought,Pinus,LM,2.260025949,4-Jan
1,177,1,4,N,D,Night,Drought,Pinus,UM,0.78244147,4-Jan
1,177,1,4,N,D,Night,Drought,Pinus,END,1.054906452,4-Jan
1,177,1,4,N,D,Night,Drought,Pinus,IT,0.222554467,4-Jan
1,177,1,4,N,D,Night,Drought,Pinus,LM,2.338462089,4-Jan
1,177,1,4,N,D,Night,Drought,Pinus,UM,0.724076993,4-Jan
1,177,1,4,N,E,Day,Drought,Pinus,END,0.461236794,4-Jan
1,177,1,4,N,E,Day,Drought,Pinus,IT,0.237719848,4-Jan
1,177,1,4,N,E,Day,Drought,Pinus,LM,1.583327034,4-Jan
1,177,1,4,N,E,Day,Drought,Pinus,UM,1.927716324,4-Jan
1,177,1,4,N,E,Day,Drought,Pinus,END,0.457979624,4-Jan
1,177,1,4,N,E,Day,Drought,Pinus,IT,0.236041113,4-Jan
1,177,1,4,N,E,Day,Drought,Pinus,LM,1.494785056,4-Jan
1,177,1,4,N,E,Day,Drought,Pinus,UM,2.021194207,4-Jan
1,177,1,4,N,F,Day,Drought,Pinus,END,0.313942918,4-Jan
1,177,1,4,N,F,Day,Drought,Pinus,IT,0.19153782,4-Jan
1,177,1,4,N,F,Day,Drought,Pinus,LM,2.359520588,4-Jan
1,177,1,4,N,F,Day,Drought,Pinus,UM,2.284998674,4-Jan
1,311,2,2,S,A,Day,Drought,Pinus,END,0.6271245,2-Feb
1,311,2,2,S,A,Day,Drought,Pinus,IT,2.392505133,2-Feb
1,311,2,2,S,A,Day,Drought,Pinus,LM,0.345154555,2-Feb
1,311,2,2,S,A,Day,Drought,Pinus,UM,0.565215812,2-Feb
1,311,2,2,S,A,Day,Drought,Pinus,END,0.625032512,2-Feb
1,311,2,2,S,A,Day,Drought,Pinus,IT,2.384524112,2-Feb
1,311,2,2,S,A,Day,Drought,Pinus,LM,0.320684823,2-Feb
1,311,2,2,S,A,Day,Drought,Pinus,UM,0.599758553,2-Feb
1,311,2,2,S,B,Day,Drought,Pinus,END,1.53226523,2-Feb
1,311,2,2,S,B,Day,Drought,Pinus,IT,1.115554213,2-Feb
1,311,2,2,S,B,Day,Drought,Pinus,LM,1.19315625,2-Feb
1,311,2,2,S,B,Day,Drought,Pinus,UM,1.529024306,2-Feb
1,311,2,2,S,B,Day,Drought,Pinus,END,1.511803765,2-Feb
1,311,2,2,S,B,Day,Drought,Pinus,IT,1.100657398,2-Feb
1,311,2,2,S,B,Day,Drought,Pinus,LM,1.026605571,2-Feb
1,311,2,2,S,B,Day,Drought,Pinus,UM,1.730933266,2-Feb
1,311,2,2,S,C,Night,Drought,Pinus,END,1.268937752,2-Feb
1,311,2,2,S,C,Night,Drought,Pinus,IT,1.366938531,2-Feb
1,311,2,2,S,C,Night,Drought,Pinus,LM,2.283495931,2-Feb
1,311,2,2,S,C,Night,Drought,Pinus,UM,2.220627787,2-Feb
1,311,2,2,S,C,Night,Drought,Pinus,END,1.265053682,2-Feb
1,311,2,2,S,C,Night,Drought,Pinus,IT,1.362754493,2-Feb
1,311,2,2,S,C,Night,Drought,Pinus,LM,2.515926927,2-Feb
1,311,2,2,S,C,Night,Drought,Pinus,UM,1.996264898,2-Feb
1,311,2,2,S,D,Night,Drought,Pinus,END,0.597515586,2-Feb
1,311,2,2,S,D,Night,Drought,Pinus,IT,0.420730275,2-Feb
1,311,2,2,S,D,Night,Drought,Pinus,LM,1.635169256,2-Feb
1,311,2,2,S,D,Night,Drought,Pinus,UM,2.566584883,2-Feb
1,311,2,2,S,D,Night,Drought,Pinus,END,0.615287159,2-Feb
1,311,2,2,S,D,Night,Drought,Pinus,IT,0.433243821,2-Feb
1,311,2,2,S,D,Night,Drought,Pinus,LM,2.024153413,2-Feb
1,311,2,2,S,D,Night,Drought,Pinus,UM,2.147315607,2-Feb
1,311,2,2,S,E,Day,Drought,Pinus,END,1.327784724,2-Feb
1,311,2,2,S,E,Day,Drought,Pinus,IT,2.272868322,2-Feb
1,311,2,2,S,E,Day,Drought,Pinus,LM,1.744378594,2-Feb
1,311,2,2,S,E,Day,Drought,Pinus,UM,1.16496836,2-Feb
1,311,2,2,S,E,Day,Drought,Pinus,END,1.313299067,2-Feb
1,311,2,2,S,E,Day,Drought,Pinus,IT,2.24807214,2-Feb
1,311,2,2,S,E,Day,Drought,Pinus,LM,1.890310621,2-Feb
1,311,2,2,S,E,Day,Drought,Pinus,UM,1.058318173,2-Feb
1,311,2,2,S,F,Day,Drought,Pinus,END,0.636652108,2-Feb
1,311,2,2,S,F,Day,Drought,Pinus,IT,0.689867699,2-Feb
1,311,2,2,S,F,Day,Drought,Pinus,LM,1.682162869,2-Feb
1,311,2,2,S,F,Day,Drought,Pinus,UM,3.081317324,2-Feb
1,311,2,2,S,F,Day,Drought,Pinus,END,0.650828742,2-Feb
1,311,2,2,S,F,Day,Drought,Pinus,IT,0.70522931,2-Feb
1,311,2,2,S,F,Day,Drought,Pinus,LM,2.054814761,2-Feb
1,311,2,2,S,F,Day,Drought,Pinus,UM,2.679127187,2-Feb
1,33,1,1,S,A,Day,Control,Pinus,END,0.184883549,1-Jan
1,33,1,1,S,A,Day,Control,Pinus,IT,0.140091041,1-Jan
1,33,1,1,S,A,Day,Control,Pinus,LM,1.726289993,1-Jan
1,33,1,1,S,A,Day,Control,Pinus,UM,1.128735417,1-Jan
1,33,1,1,S,A,Day,Control,Pinus,END,0.184243681,1-Jan
1,33,1,1,S,A,Day,Control,Pinus,IT,0.139606196,1-Jan
1,33,1,1,S,A,Day,Control,Pinus,LM,1.769520576,1-Jan
1,33,1,1,S,A,Day,Control,Pinus,UM,1.086629547,1-Jan
1,33,1,1,S,B,Day,Control,Pinus,END,0.071131595,1-Jan
1,33,1,1,S,B,Day,Control,Pinus,IT,0.06115976,1-Jan
1,33,1,1,S,B,Day,Control,Pinus,LM,1.682869238,1-Jan
1,33,1,1,S,B,Day,Control,Pinus,UM,1.114839407,1-Jan
1,33,1,1,S,B,Day,Control,Pinus,END,0.072551273,1-Jan
1,33,1,1,S,B,Day,Control,Pinus,IT,0.062380416,1-Jan
1,33,1,1,S,B,Day,Control,Pinus,LM,1.538021035,1-Jan
1,33,1,1,S,B,Day,Control,Pinus,UM,1.257047276,1-Jan
1,33,1,1,S,C,Night,Control,Pinus,END,0.070410145,1-Jan
1,33,1,1,S,C,Night,Control,Pinus,IT,0.079854492,1-Jan
1,33,1,1,S,C,Night,Control,Pinus,LM,1.560437118,1-Jan
1,33,1,1,S,C,Night,Control,Pinus,UM,1.509298244,1-Jan
1,33,1,1,S,C,Night,Control,Pinus,END,0.070376522,1-Jan
1,33,1,1,S,C,Night,Control,Pinus,IT,0.079816359,1-Jan
1,33,1,1,S,C,Night,Control,Pinus,LM,1.494663953,1-Jan
1,33,1,1,S,C,Night,Control,Pinus,UM,1.575143166,1-Jan
1,33,1,1,S,D,Night,Control,Pinus,END,0.209258902,1-Jan
1,33,1,1,S,D,Night,Control,Pinus,IT,0.066814068,1-Jan
1,33,1,1,S,D,Night,Control,Pinus,LM,1.941326187,1-Jan
1,33,1,1,S,D,Night,Control,Pinus,UM,1.202600843,1-Jan
1,33,1,1,S,D,Night,Control,Pinus,END,0.205652306,1-Jan
1,33,1,1,S,D,Night,Control,Pinus,IT,0.065662521,1-Jan
1,33,1,1,S,D,Night,Control,Pinus,LM,2.054978347,1-Jan
1,33,1,1,S,D,Night,Control,Pinus,UM,1.093706826,1-Jan
1,33,1,1,S,E,Day,Control,Pinus,END,0.186904089,1-Jan
1,33,1,1,S,E,Day,Control,Pinus,IT,0.019224616,1-Jan
1,33,1,1,S,E,Day,Control,Pinus,LM,1.207958381,1-Jan
1,33,1,1,S,E,Day,Control,Pinus,UM,1.395912915,1-Jan
1,33,1,1,S,E,Day,Control,Pinus,END,0.185869767,1-Jan
1,33,1,1,S,E,Day,Control,Pinus,IT,0.019118227,1-Jan
1,33,1,1,S,E,Day,Control,Pinus,LM,1.139509934,1-Jan
1,33,1,1,S,E,Day,Control,Pinus,UM,1.465502072,1-Jan
1,33,1,1,S,F,Day,Control,Pinus,END,0.693010257,1-Jan
1,33,1,1,S,F,Day,Control,Pinus,IT,0.60085935,1-Jan
1,33,1,1,S,F,Day,Control,Pinus,LM,4.468591856,1-Jan
1,33,1,1,S,F,Day,Control,Pinus,UM,5.577538536,1-Jan
1,33,1,1,S,F,Day,Control,Pinus,END,0.668125358,1-Jan
1,33,1,1,S,F,Day,Control,Pinus,IT,0.579283444,1-Jan
1,33,1,1,S,F,Day,Control,Pinus,LM,3.612038429,1-Jan
1,33,1,1,S,F,Day,Control,Pinus,UM,6.480552769,1-Jan
1,391,2,4,N,A,Day,Control,Pinus,END,0.546458558,4-Feb
1,391,2,4,N,A,Day,Control,Pinus,IT,0.794667047,4-Feb
1,391,2,4,N,A,Day,Control,Pinus,LM,2.841459797,4-Feb
1,391,2,4,N,A,Day,Control,Pinus,UM,2.287414598,4-Feb
1,391,2,4,N,A,Day,Control,Pinus,END,0.546156108,4-Feb
1,391,2,4,N,A,Day,Control,Pinus,IT,0.79422722,4-Feb
1,391,2,4,N,A,Day,Control,Pinus,LM,2.892303478,4-Feb
1,391,2,4,N,A,Day,Control,Pinus,UM,2.237313195,4-Feb
1,391,2,4,N,B,Day,Control,Pinus,END,1.234322483,4-Feb
1,391,2,4,N,B,Day,Control,Pinus,IT,0.979705087,4-Feb
1,391,2,4,N,B,Day,Control,Pinus,LM,3.136392552,4-Feb
1,391,2,4,N,B,Day,Control,Pinus,UM,1.709579877,4-Feb
1,391,2,4,N,B,Day,Control,Pinus,END,1.221760942,4-Feb
1,391,2,4,N,B,Day,Control,Pinus,IT,0.969734754,4-Feb
1,391,2,4,N,B,Day,Control,Pinus,LM,3.246953783,4-Feb
1,391,2,4,N,B,Day,Control,Pinus,UM,1.621550521,4-Feb
1,391,2,4,N,C,Night,Control,Pinus,END,1.17044142,4-Feb
1,391,2,4,N,C,Night,Control,Pinus,IT,0.505528793,4-Feb
1,391,2,4,N,C,Night,Control,Pinus,LM,2.682843042,4-Feb
1,391,2,4,N,C,Night,Control,Pinus,UM,1.901186744,4-Feb
1,391,2,4,N,C,Night,Control,Pinus,END,1.173588772,4-Feb
1,391,2,4,N,C,Night,Control,Pinus,IT,0.506888175,4-Feb
1,391,2,4,N,C,Night,Control,Pinus,LM,2.600017607,4-Feb
1,391,2,4,N,C,Night,Control,Pinus,UM,1.979505445,4-Feb
1,391,2,4,N,D,Night,Control,Pinus,END,0.548651968,4-Feb
1,391,2,4,N,D,Night,Control,Pinus,IT,1.454866628,4-Feb
1,391,2,4,N,D,Night,Control,Pinus,LM,2.404597145,4-Feb
1,391,2,4,N,D,Night,Control,Pinus,UM,2.491884259,4-Feb
1,391,2,4,N,D,Night,Control,Pinus,END,0.546301897,4-Feb
1,391,2,4,N,D,Night,Control,Pinus,IT,1.448634919,4-Feb
1,391,2,4,N,D,Night,Control,Pinus,LM,2.155485906,4-Feb
1,391,2,4,N,D,Night,Control,Pinus,UM,2.749577278,4-Feb
1,391,2,4,N,E,Day,Control,Pinus,END,0.352933379,4-Feb
1,391,2,4,N,E,Day,Control,Pinus,IT,1.36014662,4-Feb
1,391,2,4,N,E,Day,Control,Pinus,LM,2.31155707,4-Feb
1,391,2,4,N,E,Day,Control,Pinus,UM,2.035362932,4-Feb
1,391,2,4,N,E,Day,Control,Pinus,END,0.351635413,4-Feb
1,391,2,4,N,E,Day,Control,Pinus,IT,1.355144477,4-Feb
1,391,2,4,N,E,Day,Control,Pinus,LM,2.487422505,4-Feb
1,391,2,4,N,E,Day,Control,Pinus,UM,1.865797604,4-Feb
1,391,2,4,N,F,Day,Control,Pinus,END,0.948728168,4-Feb
1,391,2,4,N,F,Day,Control,Pinus,IT,0.885211085,4-Feb
1,391,2,4,N,F,Day,Control,Pinus,LM,2.121390317,4-Feb
1,391,2,4,N,F,Day,Control,Pinus,UM,1.90467043,4-Feb
1,391,2,4,N,F,Day,Control,Pinus,END,0.934362379,4-Feb
1,391,2,4,N,F,Day,Control,Pinus,IT,0.871807081,4-Feb
1,391,2,4,N,F,Day,Control,Pinus,LM,2.532689201,4-Feb
1,391,2,4,N,F,Day,Control,Pinus,UM,1.52114134,4-Feb
2,494,3,1,S,A,Day,Drought,Pinus,END,0.344930842,1-Mar
2,494,3,1,S,A,Day,Drought,Pinus,IT,0.283329974,1-Mar
2,494,3,1,S,A,Day,Drought,Pinus,LM,1.79694221,1-Mar
2,494,3,1,S,A,Day,Drought,Pinus,UM,1.484796974,1-Mar
2,494,3,1,S,A,Day,Drought,Pinus,END,0.344275289,1-Mar
2,494,3,1,S,A,Day,Drought,Pinus,IT,0.282791496,1-Mar
2,494,3,1,S,A,Day,Drought,Pinus,LM,1.830710108,1-Mar
2,494,3,1,S,A,Day,Drought,Pinus,UM,1.452223107,1-Mar
2,494,3,1,S,A',Day,Drought,Pinus,END,0.466926311,1-Mar
2,494,3,1,S,A',Day,Drought,Pinus,IT,0.302889458,1-Mar
2,494,3,1,S,A',Day,Drought,Pinus,LM,3.428940273,1-Mar
2,494,3,1,S,A',Day,Drought,Pinus,UM,1.401243959,1-Mar
2,494,3,1,S,A',Day,Drought,Pinus,END,0.483049303,1-Mar
2,494,3,1,S,A',Day,Drought,Pinus,IT,0.313348248,1-Mar
2,494,3,1,S,A',Day,Drought,Pinus,LM,3.136663621,1-Mar
2,494,3,1,S,A',Day,Drought,Pinus,UM,1.666938828,1-Mar
2,494,3,1,S,B,Day,Drought,Pinus,END,0.46198938,1-Mar
2,494,3,1,S,B,Day,Drought,Pinus,IT,0.360673255,1-Mar
2,494,3,1,S,B,Day,Drought,Pinus,LM,2.578732222,1-Mar
2,494,3,1,S,B,Day,Drought,Pinus,UM,2.138605143,1-Mar
2,494,3,1,S,B,Day,Drought,Pinus,END,0.459259396,1-Mar
2,494,3,1,S,B,Day,Drought,Pinus,IT,0.358541967,1-Mar
2,494,3,1,S,B,Day,Drought,Pinus,LM,2.694204263,1-Mar
2,494,3,1,S,B,Day,Drought,Pinus,UM,2.027994374,1-Mar
2,494,3,1,S,C,Night,Drought,Pinus,END,0.404833742,1-Mar
2,494,3,1,S,C,Night,Drought,Pinus,IT,0.266174015,1-Mar
2,494,3,1,S,C,Night,Drought,Pinus,LM,2.543609825,1-Mar
2,494,3,1,S,C,Night,Drought,Pinus,UM,2.105382418,1-Mar
2,494,3,1,S,C,Night,Drought,Pinus,END,0.40404229,1-Mar
2,494,3,1,S,C,Night,Drought,Pinus,IT,0.265653644,1-Mar
2,494,3,1,S,C,Night,Drought,Pinus,LM,2.606503131,1-Mar
2,494,3,1,S,C,Night,Drought,Pinus,UM,2.043800935,1-Mar
2,494,3,1,S,D,Night,Drought,Pinus,END,0.486155569,1-Mar
2,494,3,1,S,D,Night,Drought,Pinus,IT,0.619837589,1-Mar
2,494,3,1,S,D,Night,Drought,Pinus,LM,2.844556179,1-Mar
2,494,3,1,S,D,Night,Drought,Pinus,UM,2.159450664,1-Mar
2,494,3,1,S,D,Night,Drought,Pinus,END,0.48449171,1-Mar
2,494,3,1,S,D,Night,Drought,Pinus,IT,0.617716205,1-Mar
2,494,3,1,S,D,Night,Drought,Pinus,LM,2.890972219,1-Mar
2,494,3,1,S,D,Night,Drought,Pinus,UM,2.116819866,1-Mar
2,494,3,1,S,E,Day,Drought,Pinus,END,0.372267924,1-Mar
2,494,3,1,S,E,Day,Drought,Pinus,IT,0.476179479,1-Mar
2,494,3,1,S,E,Day,Drought,Pinus,LM,3.856887649,1-Mar
2,494,3,1,S,E,Day,Drought,Pinus,UM,2.024664948,1-Mar
2,494,3,1,S,E,Day,Drought,Pinus,END,0.362059886,1-Mar
2,494,3,1,S,E,Day,Drought,Pinus,IT,0.463122059,1-Mar
2,494,3,1,S,E,Day,Drought,Pinus,LM,4.161104954,1-Mar
2,494,3,1,S,E,Day,Drought,Pinus,UM,1.743713101,1-Mar
2,494,3,1,S,F,Day,Drought,Pinus,END,0.479343899,1-Mar
2,494,3,1,S,F,Day,Drought,Pinus,IT,0.202948765,1-Mar
2,494,3,1,S,F,Day,Drought,Pinus,LM,2.764028683,1-Mar
2,494,3,1,S,F,Day,Drought,Pinus,UM,4.363678653,1-Mar
2,494,3,1,S,F,Day,Drought,Pinus,END,0.483149117,1-Mar
2,494,3,1,S,F,Day,Drought,Pinus,IT,0.204559851,1-Mar
2,494,3,1,S,F,Day,Drought,Pinus,LM,3.116137521,1-Mar
2,494,3,1,S,F,Day,Drought,Pinus,UM,4.006153511,1-Mar
2,579,3,3,N,A,Day,Control,Pinus,END,0.864454852,3-Mar
2,579,3,3,N,A,Day,Control,Pinus,IT,1.296519727,3-Mar
2,579,3,3,N,A,Day,Control,Pinus,LM,5.127894468,3-Mar
2,579,3,3,N,A,Day,Control,Pinus,UM,2.851130953,3-Mar
2,579,3,3,N,A,Day,Control,Pinus,END,0.85765033,3-Mar
2,579,3,3,N,A,Day,Control,Pinus,IT,1.286314224,3-Mar
2,579,3,3,N,A,Day,Control,Pinus,LM,5.300831937,3-Mar
2,579,3,3,N,A,Day,Control,Pinus,UM,2.695203508,3-Mar
2,579,3,3,N,A',Day,Control,Pinus,END,0.674562102,3-Mar
2,579,3,3,N,A',Day,Control,Pinus,IT,1.779596489,3-Mar
2,579,3,3,N,A',Day,Control,Pinus,LM,4.026947239,3-Mar
2,579,3,3,N,A',Day,Control,Pinus,UM,4.00889417,3-Mar
2,579,3,3,N,A',Day,Control,Pinus,END,0.634902586,3-Mar
2,579,3,3,N,A',Day,Control,Pinus,IT,1.674968708,3-Mar
2,579,3,3,N,A',Day,Control,Pinus,LM,5.160002504,3-Mar
2,579,3,3,N,A',Day,Control,Pinus,UM,3.020126202,3-Mar
2,579,3,3,N,B,Day,Control,Pinus,END,0.941776235,3-Mar
2,579,3,3,N,B,Day,Control,Pinus,IT,0.667744224,3-Mar
2,579,3,3,N,B,Day,Control,Pinus,LM,6.26803062,3-Mar
2,579,3,3,N,B,Day,Control,Pinus,UM,3.882448921,3-Mar
2,579,3,3,N,B,Day,Control,Pinus,END,0.952709205,3-Mar
2,579,3,3,N,B,Day,Control,Pinus,IT,0.675495989,3-Mar
2,579,3,3,N,B,Day,Control,Pinus,LM,5.524211455,3-Mar
2,579,3,3,N,B,Day,Control,Pinus,UM,4.60758335,3-Mar
2,579,3,3,N,C,Night,Control,Pinus,END,1.147445551,3-Mar
2,579,3,3,N,C,Night,Control,Pinus,IT,1.65296535,3-Mar
2,579,3,3,N,C,Night,Control,Pinus,LM,5.535974536,3-Mar
2,579,3,3,N,C,Night,Control,Pinus,UM,3.903614564,3-Mar
2,579,3,3,N,C,Night,Control,Pinus,END,1.150563217,3-Mar
2,579,3,3,N,C,Night,Control,Pinus,IT,1.657456538,3-Mar
2,579,3,3,N,C,Night,Control,Pinus,LM,5.378181861,3-Mar
2,579,3,3,N,C,Night,Control,Pinus,UM,4.053798385,3-Mar
2,579,3,3,N,D,Night,Control,Pinus,END,0.878748344,3-Mar
2,579,3,3,N,D,Night,Control,Pinus,IT,2.091676596,3-Mar
2,579,3,3,N,D,Night,Control,Pinus,LM,6.799982395,3-Mar
2,579,3,3,N,D,Night,Control,Pinus,UM,3.159592665,3-Mar
2,579,3,3,N,D,Night,Control,Pinus,END,0.895497713,3-Mar
2,579,3,3,N,D,Night,Control,Pinus,IT,2.131544966,3-Mar
2,579,3,3,N,D,Night,Control,Pinus,LM,6.284694271,3-Mar
2,579,3,3,N,D,Night,Control,Pinus,UM,3.618263051,3-Mar
2,579,3,3,N,E,Day,Control,Pinus,END,1.630486916,3-Mar
2,579,3,3,N,E,Day,Control,Pinus,IT,1.295553528,3-Mar
2,579,3,3,N,E,Day,Control,Pinus,LM,4.973243846,3-Mar
2,579,3,3,N,E,Day,Control,Pinus,UM,4.25071571,3-Mar
2,579,3,3,N,E,Day,Control,Pinus,END,1.63041835,3-Mar
2,579,3,3,N,E,Day,Control,Pinus,IT,1.295499047,3-Mar
2,579,3,3,N,E,Day,Control,Pinus,LM,4.937408456,3-Mar
2,579,3,3,N,E,Day,Control,Pinus,UM,4.286674147,3-Mar
2,579,3,3,N,F,Day,Control,Pinus,END,0.504016519,3-Mar
2,579,3,3,N,F,Day,Control,Pinus,IT,1.085616209,3-Mar
2,579,3,3,N,F,Day,Control,Pinus,LM,4.402106724,3-Mar
2,579,3,3,N,F,Day,Control,Pinus,UM,6.378260548,3-Mar
2,579,3,3,N,F,Day,Control,Pinus,END,0.497763451,3-Mar
2,579,3,3,N,F,Day,Control,Pinus,IT,1.072147539,3-Mar
2,579,3,3,N,F,Day,Control,Pinus,LM,4.110743076,3-Mar
2,579,3,3,N,F,Day,Control,Pinus,UM,6.689345933,3-Mar
2,778,4,2,S,A,Day,Control,Pinus,END,1.478884148,2-Apr
2,778,4,2,S,A,Day,Control,Pinus,IT,0.788342653,2-Apr
2,778,4,2,S,A,Day,Control,Pinus,LM,5.307078128,2-Apr
2,778,4,2,S,A,Day,Control,Pinus,UM,5.065695071,2-Apr
2,778,4,2,S,A,Day,Control,Pinus,END,1.478422264,2-Apr
2,778,4,2,S,A,Day,Control,Pinus,IT,0.788096439,2-Apr
2,778,4,2,S,A,Day,Control,Pinus,LM,5.277605635,2-Apr
2,778,4,2,S,A,Day,Control,Pinus,UM,5.095875662,2-Apr
2,778,4,2,S,A',Day,Control,Pinus,END,1.064431354,2-Apr
2,778,4,2,S,A',Day,Control,Pinus,IT,1.653849935,2-Apr
2,778,4,2,S,A',Day,Control,Pinus,LM,2.803289996,2-Apr
2,778,4,2,S,A',Day,Control,Pinus,UM,7.898428715,2-Apr
2,778,4,2,S,A',Day,Control,Pinus,END,1.081416872,2-Apr
2,778,4,2,S,A',Day,Control,Pinus,IT,1.680241019,2-Apr
2,778,4,2,S,A',Day,Control,Pinus,LM,2.94322185,2-Apr
2,778,4,2,S,A',Day,Control,Pinus,UM,7.715120258,2-Apr
2,778,4,2,S,B,Day,Control,Pinus,END,0.977027323,2-Apr
2,778,4,2,S,B,Day,Control,Pinus,IT,1.029385285,2-Apr
2,778,4,2,S,B,Day,Control,Pinus,LM,5.90974455,2-Apr
2,778,4,2,S,B,Day,Control,Pinus,UM,7.213842842,2-Apr
2,778,4,2,S,B,Day,Control,Pinus,END,0.979053476,2-Apr
2,778,4,2,S,B,Day,Control,Pinus,IT,1.031520018,2-Apr
2,778,4,2,S,B,Day,Control,Pinus,LM,6.617683004,2-Apr
2,778,4,2,S,B,Day,Control,Pinus,UM,6.501743503,2-Apr
2,778,4,2,S,C,Night,Control,Pinus,END,0.899824272,2-Apr
2,778,4,2,S,C,Night,Control,Pinus,IT,0.824790624,2-Apr
2,778,4,2,S,C,Night,Control,Pinus,LM,5.777809091,2-Apr
2,778,4,2,S,C,Night,Control,Pinus,UM,7.537576013,2-Apr
2,778,4,2,S,C,Night,Control,Pinus,END,0.907519369,2-Apr
2,778,4,2,S,C,Night,Control,Pinus,IT,0.831844051,2-Apr
2,778,4,2,S,C,Night,Control,Pinus,LM,6.003590861,2-Apr
2,778,4,2,S,C,Night,Control,Pinus,UM,7.297045719,2-Apr
2,778,4,2,S,D,Night,Control,Pinus,END,1.160747306,2-Apr
2,778,4,2,S,D,Night,Control,Pinus,IT,1.330294161,2-Apr
2,778,4,2,S,D,Night,Control,Pinus,LM,7.044203878,2-Apr
2,778,4,2,S,D,Night,Control,Pinus,UM,5.734754654,2-Apr
2,778,4,2,S,D,Night,Control,Pinus,END,1.151682284,2-Apr
2,778,4,2,S,D,Night,Control,Pinus,IT,1.319905038,2-Apr
2,778,4,2,S,D,Night,Control,Pinus,LM,6.289930092,2-Apr
2,778,4,2,S,D,Night,Control,Pinus,UM,6.508482586,2-Apr
2,778,4,2,S,E,Day,Control,Pinus,END,0.77140504,2-Apr
2,778,4,2,S,E,Day,Control,Pinus,IT,0.238147782,2-Apr
2,778,4,2,S,E,Day,Control,Pinus,LM,2.14333879,2-Apr
2,778,4,2,S,E,Day,Control,Pinus,UM,3.907108388,2-Apr
2,778,4,2,S,E,Day,Control,Pinus,END,0.776775195,2-Apr
2,778,4,2,S,E,Day,Control,Pinus,IT,0.239805654,2-Apr
2,778,4,2,S,E,Day,Control,Pinus,LM,2.409055858,2-Apr
2,778,4,2,S,E,Day,Control,Pinus,UM,3.634363293,2-Apr
2,778,4,2,S,F,Day,Control,Pinus,END,0.837769533,2-Apr
2,778,4,2,S,F,Day,Control,Pinus,IT,0.998742834,2-Apr
2,778,4,2,S,F,Day,Control,Pinus,LM,6.930687373,2-Apr
2,778,4,2,S,F,Day,Control,Pinus,UM,7.02280026,2-Apr
2,778,4,2,S,F,Day,Control,Pinus,END,0.8377771,2-Apr
2,778,4,2,S,F,Day,Control,Pinus,IT,0.998751855,2-Apr
2,778,4,2,S,F,Day,Control,Pinus,LM,6.97791665,2-Apr
2,778,4,2,S,F,Day,Control,Pinus,UM,6.975554395,2-Apr
2,804,4,3,N,A,Day,Drought,Pinus,END,0.661370991,3-Apr
2,804,4,3,N,A,Day,Drought,Pinus,IT,0.809291149,3-Apr
2,804,4,3,N,A,Day,Drought,Pinus,LM,2.196802582,3-Apr
2,804,4,3,N,A,Day,Drought,Pinus,UM,2.692535279,3-Apr
2,804,4,3,N,A,Day,Drought,Pinus,END,0.651518901,3-Apr
2,804,4,3,N,A,Day,Drought,Pinus,IT,0.797235572,3-Apr
2,804,4,3,N,A,Day,Drought,Pinus,LM,1.949480324,3-Apr
2,804,4,3,N,A,Day,Drought,Pinus,UM,2.961765202,3-Apr
2,804,4,3,N,A',Day,Drought,Pinus,END,0.458553109,3-Apr
2,804,4,3,N,A',Day,Drought,Pinus,IT,0.418941038,3-Apr
2,804,4,3,N,A',Day,Drought,Pinus,LM,2.06923769,3-Apr
2,804,4,3,N,A',Day,Drought,Pinus,UM,2.593268163,3-Apr
2,804,4,3,N,A',Day,Drought,Pinus,END,0.458642994,3-Apr
2,804,4,3,N,A',Day,Drought,Pinus,IT,0.419023158,3-Apr
2,804,4,3,N,A',Day,Drought,Pinus,LM,2.073009558,3-Apr
2,804,4,3,N,A',Day,Drought,Pinus,UM,2.58932429,3-Apr
2,804,4,3,N,B,Day,Drought,Pinus,END,0.621838409,3-Apr
2,804,4,3,N,B,Day,Drought,Pinus,IT,0.468099625,3-Apr
2,804,4,3,N,B,Day,Drought,Pinus,LM,2.340017348,3-Apr
2,804,4,3,N,B,Day,Drought,Pinus,UM,3.730044617,3-Apr
2,804,4,3,N,B,Day,Drought,Pinus,END,0.608613951,3-Apr
2,804,4,3,N,B,Day,Drought,Pinus,IT,0.458144685,3-Apr
2,804,4,3,N,B,Day,Drought,Pinus,LM,2.108736374,3-Apr
2,804,4,3,N,B,Day,Drought,Pinus,UM,3.984504991,3-Apr
2,804,4,3,N,C,Night,Drought,Pinus,END,1.077606449,3-Apr
2,804,4,3,N,C,Night,Drought,Pinus,IT,0.538419286,3-Apr
2,804,4,3,N,C,Night,Drought,Pinus,LM,3.537691183,3-Apr
2,804,4,3,N,C,Night,Drought,Pinus,UM,3.076283082,3-Apr
2,804,4,3,N,C,Night,Drought,Pinus,END,1.071549144,3-Apr
2,804,4,3,N,C,Night,Drought,Pinus,IT,0.535392791,3-Apr
2,804,4,3,N,C,Night,Drought,Pinus,LM,3.778772247,3-Apr
2,804,4,3,N,C,Night,Drought,Pinus,UM,2.844285819,3-Apr
2,804,4,3,N,D,Night,Drought,Pinus,END,0.802612858,3-Apr
2,804,4,3,N,D,Night,Drought,Pinus,IT,0.547808654,3-Apr
2,804,4,3,N,D,Night,Drought,Pinus,LM,3.697488663,3-Apr
2,804,4,3,N,D,Night,Drought,Pinus,UM,3.742089825,3-Apr
2,804,4,3,N,D,Night,Drought,Pinus,END,0.795850488,3-Apr
2,804,4,3,N,D,Night,Drought,Pinus,IT,0.543193122,3-Apr
2,804,4,3,N,D,Night,Drought,Pinus,LM,4.240566976,3-Apr
2,804,4,3,N,D,Night,Drought,Pinus,UM,3.210389414,3-Apr
2,804,4,3,N,E,Day,Drought,Pinus,END,0.914188641,3-Apr
2,804,4,3,N,E,Day,Drought,Pinus,IT,0.744642333,3-Apr
2,804,4,3,N,E,Day,Drought,Pinus,LM,3.691276345,3-Apr
2,804,4,3,N,E,Day,Drought,Pinus,UM,4.11989268,3-Apr
2,804,4,3,N,E,Day,Drought,Pinus,END,0.913530547,3-Apr
2,804,4,3,N,E,Day,Drought,Pinus,IT,0.74410629,3-Apr
2,804,4,3,N,E,Day,Drought,Pinus,LM,3.902248175,3-Apr
2,804,4,3,N,E,Day,Drought,Pinus,UM,3.910114988,3-Apr
2,804,4,3,N,F,Day,Drought,Pinus,END,0.288312755,3-Apr
2,804,4,3,N,F,Day,Drought,Pinus,IT,0.630618682,3-Apr
2,804,4,3,N,F,Day,Drought,Pinus,LM,2.254393773,3-Apr
2,804,4,3,N,F,Day,Drought,Pinus,UM,3.176674791,3-Apr
2,804,4,3,N,F,Day,Drought,Pinus,END,0.291311742,3-Apr
2,804,4,3,N,F,Day,Drought,Pinus,IT,0.637178285,3-Apr
2,804,4,3,N,F,Day,Drought,Pinus,LM,2.668564627,3-Apr
2,804,4,3,N,F,Day,Drought,Pinus,UM,2.752945345,3-Apr
